country,capital,area,population,density
India,New Delhi,3.286,1252.0,381.0103469263542
China,Beijing,9.597,1357.0,141.39835365218298
South Africa,Pretoria,1.221,52.98,43.390663390663384
Brazil,Brasilia,8.516,200.4,23.53217472992015
Russia,Moscow,17.1,143.5,8.391812865497075
